Year,Month_Name,Volatility_30d
2020,April,
2020,August,
2020,December,
2020,July,
2020,June,
2020,May,
2020,November,
2020,October,
2020,September,
2021,April,
2021,August,
2021,December,
2021,February,
2021,January,
2021,July,
2021,June,
2021,March,
2021,May,
2021,November,
2021,October,
2021,September,
2022,April,
2022,August,
2022,December,1.36533
2022,February,
2022,January,
2022,July,
2022,June,
2022,March,
2022,May,
2022,November,1.36078
2022,October,1.34908
2022,September,
2023,April,1.36547
2023,August,1.02884
2023,December,0.3227
2023,February,1.36796
2023,January,1.36834
2023,July,1.36933
2023,June,1.36874
2023,March,1.36811
2023,May,1.366
2023,November,0.31986
2023,October,1.03006
2023,September,1.02966
2024,April,0.34307
2024,August,0.34724
2024,December,0.46655
2024,February,0.31676
2024,January,0.31719
2024,July,0.3492
2024,June,0.34791
2024,March,0.33664
2024,May,0.34908
2024,November,0.3589
2024,October,0.34989
2024,September,0.34952
2025,February,0.4694
2025,January,0.46858
2025,March,0.47507
